Date,BTC-USD,ETH-USD,XRP-USD,SOL-USD,LUNA1-USD,ADA-USD,AVA-USD,DOT-USD,DOGE-USD,MATIC-USD
2021-01-01,29374.15234375,730.3675537109375,0.23744399845600128,1.8420840501785278,0.6494429707527161,0.17534999549388885,0.7945050001144409,8.306818962097168,0.005685000214725733,0.017812000587582588
2021-01-02,32127.267578125,774.5349731445312,0.2216549962759018,1.7992750406265259,0.6314259767532349,0.17742300033569336,0.7613480091094971,9.208836555480957,0.010614999569952488,0.019043000414967537
2021-01-03,32782.0234375,975.5076904296875,0.2258480042219162,2.1617519855499268,0.6618949770927429,0.20499500632286072,0.760217010974884,10.033283233642578,0.009770999662578106,0.019974999129772186
2021-01-04,31971.9140625,1040.2330322265625,0.23667700588703156,2.4850969314575195,0.6702439785003662,0.2247619926929474,0.8180819749832153,9.469611167907715,0.009766999632120132,0.0246140006929636
2021-01-05,33992.4296875,1100.006103515625,0.22675000131130219,2.157217025756836,0.7166739702224731,0.25831401348114014,0.8872159719467163,9.701656341552734,0.009920000098645687,0.024467000737786293
2021-01-06,36824.36328125,1207.1121826171875,0.2508949935436249,1.929216980934143,0.7161769866943359,0.3318980038166046,1.000141978263855,10.096068382263184,0.010464999824762344,0.03513500094413757
2021-01-07,39371.04296875,1225.6781005859375,0.32600200176239014,2.3727450370788574,0.8590080142021179,0.2999800145626068,0.9841560125350952,9.644584655761719,0.00974200014024973,0.03299900144338608
2021-01-08,40797.609375,1224.1971435546875,0.32322999835014343,3.2198870182037354,0.8525720238685608,0.3055970072746277,0.9997270107269287,9.307134628295898,0.009846000000834465,0.0317390002310276
2021-01-09,40254.546875,1281.0772705078125,0.32691600918769836,3.3853819370269775,0.8190150260925293,0.33297300338745117,1.042104959487915,9.777765274047852,0.010193999856710434,0.03351299837231636
2021-01-10,38356.44140625,1262.2467041015625,0.31833600997924805,3.466110944747925,0.8470690250396729,0.3048950135707855,0.9642540216445923,9.305047988891602,0.009859999641776085,0.030410999432206154
2021-01-11,35566.65625,1090.1453857421875,0.28890499472618103,3.1080899238586426,0.7403960227966309,0.2754659950733185,0.8947640061378479,8.276439666748047,0.008834999985992908,0.026124000549316406
2021-01-12,33922.9609375,1043.4345703125,0.2921229898929596,3.6133980751037598,0.7490249872207642,0.2870030105113983,0.8817920088768005,8.264147758483887,0.008062999695539474,0.026089999824762344
2021-01-13,37316.359375,1130.7393798828125,0.3055799901485443,3.513782024383545,0.8213670253753662,0.3136090040206909,0.8913800120353699,10.957710266113281,0.008616000413894653,0.030069999396800995
2021-01-14,39187.328125,1218.4530029296875,0.2954379916191101,3.2781639099121094,0.8314459919929504,0.3103959858417511,0.9258859753608704,14.539050102233887,0.009397000074386597,0.03283099830150604
2021-01-15,36825.3671875,1171.8345947265625,0.28040599822998047,3.2501609325408936,0.7918390035629272,0.3025299906730652,0.9552189707756042,13.212381362915039,0.009368999861180782,0.03401400148868561
2021-01-16,36178.140625,1233.53759765625,0.2801879942417145,3.4470551013946533,0.7615190148353577,0.35244399309158325,1.4792569875717163,18.180423736572266,0.009265000000596046,0.03276799991726875
2021-01-17,35791.27734375,1230.1722412109375,0.2773840129375458,3.81813907623291,0.8073130249977112,0.3798519968986511,1.5145989656448364,16.984254837036133,0.009066999889910221,0.03401999920606613
2021-01-18,36630.07421875,1257.279541015625,0.2847689986228943,3.7955150604248047,0.7997519969940186,0.3714280128479004,1.3852150440216064,16.51292610168457,0.009170999750494957,0.036052998155355453
2021-01-19,36069.8046875,1377.2958984375,0.2943139970302582,3.6418659687042236,0.9104620218276978,0.3691369891166687,1.4509249925613403,16.468509674072266,0.009097999893128872,0.032513998448848724
2021-01-20,35547.75,1382.2740478515625,0.2965179979801178,3.7235779762268066,0.9046739935874939,0.37539398670196533,1.395429015159607,17.948930740356445,0.009060000069439411,0.034533001482486725
2021-01-21,30825.69921875,1121.5709228515625,0.26894599199295044,2.9905359745025635,0.7962350249290466,0.3102090060710907,1.266545057296753,15.94483757019043,0.008166000247001648,0.02860400080680847
2021-01-22,33005.76171875,1236.51220703125,0.27279898524284363,3.346229076385498,0.8132269978523254,0.34957700967788696,1.3794100284576416,17.161441802978516,0.008523999713361263,0.03129800036549568
2021-01-23,32067.642578125,1230.9906005859375,0.271820992231369,3.5041120052337646,0.900708019733429,0.345643013715744,1.6841039657592773,18.59819984436035,0.008578999899327755,0.03397500142455101
2021-01-24,32289.37890625,1391.609375,0.2735089957714081,3.634411096572876,0.9072499871253967,0.35388100147247314,1.895766019821167,17.999649047851562,0.008727000094950199,0.03317699953913689
2021-01-25,32366.392578125,1324.414794921875,0.269089013338089,3.6999809741973877,0.8703569769859314,0.34388598799705505,1.7561990022659302,17.250455856323242,0.008383000269532204,0.03297799825668335
2021-01-26,32569.849609375,1357.05810546875,0.26882699131965637,4.04734992980957,1.2658920288085938,0.34423398971557617,1.767238974571228,17.117761611938477,0.008255000226199627,0.04335999861359596
2021-01-27,30432.546875,1253.1871337890625,0.2519429922103882,3.690587043762207,1.1232320070266724,0.3130800127983093,1.6032309532165527,15.504860877990723,0.007482000160962343,0.042072001844644547
2021-01-28,33466.09765625,1332.4921875,0.26412200927734375,3.8220720291137695,1.4547719955444336,0.34612900018692017,1.6868059635162354,16.94493293762207,0.03408399969339371,0.038892000913619995
2021-01-29,34316.38671875,1382.5228271484375,0.2821879982948303,3.8346760272979736,1.4758729934692383,0.348131000995636,1.6589839458465576,16.841611862182617,0.047162000089883804,0.04027700051665306
2021-01-30,34269.5234375,1376.115478515625,0.44024398922920227,4.224276065826416,1.433493971824646,0.362619012594223,1.7062900066375732,16.506908416748047,0.028176000341773033,0.03992500156164169
2021-01-31,33114.359375,1314.9862060546875,0.49231401085853577,4.264143943786621,1.461069941520691,0.344897985458374,1.6575169563293457,16.121315002441406,0.037195999175310135,0.03827900066971779
2021-02-01,33537.17578125,1369.04052734375,0.37150898575782776,4.611601829528809,1.792354941368103,0.4020330011844635,1.7058680057525635,16.375776290893555,0.03487500175833702,0.040876999497413635
2021-02-02,35510.2890625,1515.1937255859375,0.369269996881485,5.267508029937744,2.340502977371216,0.4262470006942749,1.851194977760315,17.263256072998047,0.03152000159025192,0.04108300060033798
2021-02-03,37472.08984375,1660.9095458984375,0.3934899866580963,5.71599006652832,2.104048013687134,0.4413999915122986,1.840232014656067,20.733652114868164,0.03711999952793121,0.04383600130677223
2021-02-04,36926.06640625,1594.7626953125,0.44644901156425476,6.426064968109131,2.6437230110168457,0.44105100631713867,1.8201509714126587,19.70218276977539,0.05328899994492531,0.04734700173139572
2021-02-05,38144.30859375,1718.65087890625,0.45004698634147644,6.681719779968262,2.8702940940856934,0.5378739833831787,1.903635025024414,20.90267562866211,0.04693499952554703,0.054767001420259476
2021-02-06,39266.01171875,1677.8468017578125,0.43909600377082825,6.110806941986084,2.6846048831939697,0.6278859972953796,1.7865149974822998,20.395479202270508,0.05759499967098236,0.05240600183606148
2021-02-07,38903.44140625,1614.227783203125,0.41795799136161804,6.700462818145752,3.046436071395874,0.663237988948822,1.7176990509033203,19.793615341186523,0.07878199964761734,0.06764200329780579
2021-02-08,46196.46484375,1746.6168212890625,0.44770199060440063,7.8832502365112305,5.785560131072998,0.6825109720230103,1.82636296749115,23.031898498535156,0.07882499694824219,0.0712679997086525
2021-02-09,46481.10546875,1768.0350341796875,0.47199100255966187,7.816792964935303,6.437321186065674,0.7035160064697266,1.9106559753417969,23.12996482849121,0.07006999850273132,0.0988679975271225
2021-02-10,44918.18359375,1744.243408203125,0.503445029258728,9.072214126586914,6.119060039520264,0.9303179979324341,1.916725993156433,23.585050582885742,0.07289600372314453,0.11701600253582001
2021-02-11,47909.33203125,1783.7979736328125,0.5247870087623596,9.215352058410645,5.484724998474121,0.9277409911155701,2.1104071140289307,25.230295181274414,0.0696759968996048,0.12361100316047668
2021-02-12,47504.8515625,1843.5325927734375,0.6085919737815857,9.2470121383667,5.725766181945801,0.925586998462677,2.1592419147491455,28.69125747680664,0.07006900012493134,0.1212330013513565
2021-02-13,47105.515625,1814.10986328125,0.6289960145950317,8.732455253601074,5.585742950439453,0.905718982219696,2.4058949947357178,28.016725540161133,0.06644999980926514,0.1116499975323677
2021-02-14,48717.2890625,1805.0841064453125,0.5941929817199707,8.738896369934082,5.651176929473877,0.8484190106391907,2.244223117828369,27.095735549926758,0.06253699958324432,0.10092200338840485
2021-02-15,47945.05859375,1779.791015625,0.5489150285720825,8.861739158630371,5.453699111938477,0.8610119819641113,2.1981489658355713,27.780893325805664,0.05659100040793419,0.10760500282049179
2021-02-16,49199.87109375,1781.0675048828125,0.5208460092544556,8.297866821289062,6.5123748779296875,0.8709509968757629,2.31005597114563,30.159910202026367,0.05352000147104263,0.10890000313520432
2021-02-17,52149.0078125,1848.458251953125,0.5355370044708252,8.222577095031738,7.303834915161133,0.8909199833869934,2.2948479652404785,31.986658096313477,0.049375999718904495,0.11221999675035477
2021-02-18,51679.796875,1937.44921875,0.5324329733848572,8.980451583862305,6.707302093505859,0.9141190052032471,2.5813961029052734,31.180639266967773,0.0595409981906414,0.12274400144815445
2021-02-19,55888.1328125,1960.164794921875,0.567018985748291,11.465653419494629,6.31606388092041,0.9276490211486816,2.73524808883667,34.79221725463867,0.055139001458883286,0.15484000742435455
2021-02-20,56099.51953125,1919.5340576171875,0.5175120234489441,10.002663612365723,5.9643449783325195,1.1229579448699951,2.4669740200042725,39.2421760559082,0.05438400059938431,0.14608100056648254
2021-02-21,57539.9453125,1935.60107421875,0.5485600233078003,11.0855131149292,6.124401092529297,1.1005200147628784,2.748354911804199,39.69622802734375,0.055980000644922256,0.16224999725818634
2021-02-22,54207.3203125,1781.992919921875,0.571740984916687,14.454785346984863,7.065779209136963,1.0991510152816772,2.651202917098999,37.68947982788086,0.053725000470876694,0.15200500190258026
2021-02-23,48824.42578125,1570.2039794921875,0.47356298565864563,15.2015380859375,6.712749004364014,0.954708993434906,2.2346549034118652,34.30077362060547,0.04739199951291084,0.1370050013065338
2021-02-24,49705.33203125,1626.57568359375,0.4718320071697235,17.30270767211914,6.6897292137146,1.05165696144104,2.7780849933624268,33.633544921875,0.05655499920248985,0.16024300456047058
2021-02-25,47093.8515625,1475.7037353515625,0.4345239996910095,13.816014289855957,5.963476181030273,1.0791159868240356,3.166066884994507,31.080659866333008,0.05016700178384781,0.17617900669574738
2021-02-26,46339.76171875,1446.03369140625,0.4278999865055084,13.58794116973877,5.895827770233154,1.2411049604415894,2.7790029048919678,31.34609031677246,0.05048000067472458,0.19060200452804565
2021-02-27,46188.453125,1459.97314453125,0.4378089904785156,13.201168060302734,5.919003009796143,1.3248599767684937,2.6124770641326904,33.44936752319336,0.05008300021290779,0.1975329965353012
2021-02-28,45137.76953125,1416.0489501953125,0.41495299339294434,13.08924674987793,5.349640846252441,1.3080589771270752,2.489125967025757,33.60725784301758,0.04805200174450874,0.22884699702262878
2021-03-01,49631.2421875,1564.7076416015625,0.44724398851394653,14.955588340759277,6.7510528564453125,1.2923879623413086,2.6327080726623535,35.58492660522461,0.050599001348018646,0.25157201290130615
2021-03-02,48378.98828125,1492.6087646484375,0.43683698773384094,13.958921432495117,6.457234859466553,1.2255820035934448,2.5338709354400635,36.15311813354492,0.050262000411748886,0.23189300298690796
2021-03-03,50538.2421875,1575.8531494140625,0.45027899742126465,14.115591049194336,7.2247700691223145,1.2165930271148682,2.5497069358825684,37.04331970214844,0.050592001527547836,0.22393499314785004
2021-03-04,48561.16796875,1541.914306640625,0.4866049885749817,13.097983360290527,7.4984450340271,1.1148680448532104,2.525692939758301,35.3303108215332,0.05004800111055374,0.20039500296115875
2021-03-05,48927.3046875,1533.2750244140625,0.4581190049648285,12.610443115234375,8.488712310791016,1.1685229539871216,2.6001110076904297,33.72447204589844,0.049609001725912094,0.2151709944009781
2021-03-06,48912.3828125,1654.7415771484375,0.4651060104370117,13.036458015441895,8.23739242553711,1.131011962890625,2.5565390586853027,33.433692932128906,0.05098399892449379,0.21298600733280182
2021-03-07,51206.69140625,1723.15380859375,0.46686699986457825,13.877732276916504,8.271160125732422,1.1333669424057007,2.6334259510040283,35.18865966796875,0.052122000604867935,0.2122430056333542
2021-03-08,52246.5234375,1834.7279052734375,0.47359699010849,13.602188110351562,9.639249801635742,1.1180529594421387,2.7557029724121094,34.913753509521484,0.061948999762535095,0.216621994972229
2021-03-09,54824.1171875,1868.048828125,0.48598799109458923,14.84631061553955,11.71257209777832,1.195160984992981,3.064810037612915,38.194190979003906,0.05799800157546997,0.2989810109138489
2021-03-10,56008.55078125,1799.166259765625,0.4631659984588623,14.231083869934082,11.147438049316406,1.1350029706954956,3.476685047149658,37.56694412231445,0.05600399896502495,0.28752401471138
2021-03-11,57805.12109375,1826.1949462890625,0.4529600143432617,15.992279052734375,10.815983772277832,1.1247899532318115,3.825984001159668,36.88249588012695,0.055918000638484955,0.4106050133705139
2021-03-12,57332.08984375,1772.1024169921875,0.44113099575042725,14.552142143249512,14.162925720214844,1.0391440391540527,3.641577959060669,35.98695373535156,0.05534899979829788,0.41440799832344055
2021-03-13,61243.0859375,1924.6854248046875,0.45992401242256165,15.308802604675293,14.586310386657715,1.1033140420913696,3.6971349716186523,37.15781021118164,0.062431998550891876,0.42513400316238403
2021-03-14,59302.31640625,1854.5643310546875,0.442111998796463,14.50826644897461,15.874853134155273,1.0591540336608887,3.880831003189087,36.57925033569336,0.05859199911355972,0.3828809857368469
2021-03-15,55907.19921875,1791.7022705078125,0.4375549852848053,14.186661720275879,16.339868545532227,1.033539056777954,4.054234981536865,34.35751724243164,0.05708799883723259,0.39295899868011475
2021-03-16,56804.90234375,1806.9718017578125,0.4625999927520752,13.622773170471191,19.88077735900879,1.2429529428482056,4.011328220367432,35.43083190917969,0.05860700085759163,0.3732219934463501
2021-03-17,58870.89453125,1823.4493408203125,0.4724169969558716,14.220203399658203,18.587238311767578,1.3786729574203491,4.157498836517334,36.14136505126953,0.057652998715639114,0.4032590091228485
2021-03-18,57858.921875,1782.8551025390625,0.4729189872741699,14.230025291442871,19.005020141601562,1.2390060424804688,3.9663119316101074,35.5172233581543,0.05738300085067749,0.3907339870929718
2021-03-19,58346.65234375,1817.6241455078125,0.47117099165916443,14.204795837402344,20.011985778808594,1.3021700382232666,4.953467845916748,38.27268981933594,0.05832799896597862,0.41178300976753235
2021-03-20,58313.64453125,1812.6346435546875,0.5269910097122192,14.211980819702148,20.89200210571289,1.2065409421920776,4.541827201843262,37.35047912597656,0.05896100029349327,0.38361498713493347
2021-03-21,57523.421875,1788.217041015625,0.5198349952697754,14.332205772399902,21.982669830322266,1.18913996219635,4.6742048263549805,36.793609619140625,0.05723400041460991,0.3810720145702362
2021-03-22,54529.14453125,1691.333984375,0.5499420166015625,14.919293403625488,19.434917449951172,1.1098740100860596,4.541816234588623,35.53754425048828,0.054962001740932465,0.34874600172042847
2021-03-23,54738.9453125,1678.650146484375,0.5565950274467468,14.20483112335205,17.052082061767578,1.1215519905090332,4.3799028396606445,34.46046447753906,0.05355599895119667,0.33169400691986084
2021-03-24,52774.265625,1593.4134521484375,0.48883700370788574,13.661297798156738,16.686748504638672,1.0750019550323486,4.099481105804443,30.43643569946289,0.051702000200748444,0.3249790072441101
2021-03-25,51704.16015625,1595.3592529296875,0.5174980163574219,13.02508544921875,16.45265007019043,1.1015739440917969,4.00480318069458,29.982208251953125,0.051447998732328415,0.3018510043621063
2021-03-26,55137.3125,1702.842041015625,0.5670549869537354,14.779420852661133,18.528396606445312,1.2139689922332764,4.440280914306641,33.20038604736328,0.05395200103521347,0.33680400252342224
2021-03-27,55973.51171875,1716.49462890625,0.5504429936408997,16.50832176208496,18.748029708862305,1.1765769720077515,4.360586166381836,32.661048889160156,0.0543770007789135,0.3334439992904663
2021-03-28,55950.74609375,1691.35595703125,0.5507559776306152,18.016233444213867,18.587406158447266,1.1911239624023438,4.548120021820068,32.29789352416992,0.05369799956679344,0.3460099995136261
2021-03-29,57750.19921875,1819.6849365234375,0.5678709745407104,18.854808807373047,18.899930953979492,1.2025409936904907,5.2011542320251465,34.37360382080078,0.054051999002695084,0.3839460015296936
2021-03-30,58917.69140625,1846.03369140625,0.5668590068817139,19.233924865722656,18.669038772583008,1.2133170366287231,5.189966201782227,34.06686019897461,0.05389999970793724,0.3712800145149231
2021-03-31,58918.83203125,1918.362060546875,0.573868989944458,19.465229034423828,18.70057487487793,1.1932640075683594,5.190245151519775,37.02701187133789,0.05365699902176857,0.359934002161026
2021-04-01,59095.80859375,1977.27685546875,0.5792919993400574,19.084901809692383,18.516494750976562,1.189244031906128,5.912359237670898,37.67287826538086,0.06198599934577942,0.36422199010849
2021-04-02,59384.3125,2143.2255859375,0.6165689826011658,19.810222625732422,18.566604614257812,1.1965090036392212,5.4344048500061035,41.164283752441406,0.05766399949789047,0.3840020000934601
2021-04-03,57603.890625,2028.4224853515625,0.5909150242805481,22.552276611328125,18.14192771911621,1.1732770204544067,5.176356792449951,41.64603042602539,0.05580399930477142,0.3540309965610504
2021-04-04,58758.5546875,2093.122802734375,0.6467289924621582,24.061323165893555,18.347497940063477,1.1914199590682983,5.372526168823242,44.6522102355957,0.05740400031208992,0.3626370131969452
2021-04-05,59057.87890625,2107.88720703125,0.9204729795455933,22.984283447265625,17.560474395751953,1.2143000364303589,5.2153120040893555,45.7972297668457,0.059696000069379807,0.37003299593925476
2021-04-06,58192.359375,2118.37890625,1.0962660312652588,24.95714569091797,16.733224868774414,1.2553540468215942,5.388868808746338,43.430198669433594,0.06445799767971039,0.374565988779068
2021-04-07,56048.9375,1971.0772705078125,0.917576014995575,26.47808074951172,15.46347427368164,1.1751489639282227,4.901863098144531,39.59401321411133,0.05902799963951111,0.33720800280570984
2021-04-08,58323.953125,2088.57373046875,1.0527559518814087,27.033987045288086,15.745903968811035,1.2194360494613647,5.279048919677734,41.36595153808594,0.06146400049328804,0.3563059866428375
2021-04-09,58245.00390625,2072.10888671875,1.0208369493484497,27.778274536132812,15.67758560180664,1.2035399675369263,5.529391765594482,40.849308013916016,0.06168400123715401,0.36760300397872925
2021-04-10,59793.234375,2135.942138671875,1.3744159936904907,26.84140396118164,15.51254653930664,1.2187579870224,5.37269401550293,41.62615203857422,0.06384500116109848,0.35847100615501404
2021-04-11,60204.96484375,2157.656982421875,1.3605300188064575,27.9318904876709,15.141955375671387,1.2667349576950073,5.812953948974609,41.423397064208984,0.07464899867773056,0.37053200602531433
2021-04-12,59893.453125,2139.353271484375,1.4677350521087646,28.512123107910156,14.639739036560059,1.3161269426345825,6.230531215667725,40.49749755859375,0.07076700031757355,0.35804399847984314
2021-04-13,63503.45703125,2299.187744140625,1.7940009832382202,27.4355525970459,15.618185043334961,1.4117859601974487,6.247097015380859,42.94791030883789,0.09344500303268433,0.42207399010658264
2021-04-14,63109.6953125,2435.10498046875,1.8392360210418701,26.47511100769043,15.302223205566406,1.4554200172424316,6.10517692565918,42.64084243774414,0.12151700258255005,0.41468000411987305
2021-04-15,63314.01171875,2519.1162109375,1.7660670280456543,27.818313598632812,16.886905670166016,1.4815880060195923,6.1442461013793945,43.515968322753906,0.18220700323581696,0.4427329897880554
2021-04-16,61572.7890625,2431.946533203125,1.55752694606781,25.39736557006836,15.79843807220459,1.4169490337371826,5.8998799324035645,41.5379753112793,0.36586999893188477,0.43644699454307556
2021-04-17,60683.8203125,2344.89501953125,1.5600550174713135,25.09987449645996,15.339083671569824,1.3848689794540405,6.098851203918457,42.53594970703125,0.28417301177978516,0.40625301003456116
2021-04-18,56216.18359375,2237.136962890625,1.4059979915618896,32.30291748046875,13.398308753967285,1.275501012802124,5.309350967407227,37.34743118286133,0.3204750120639801,0.3629010021686554
2021-04-19,55724.265625,2166.188720703125,1.3150440454483032,31.67589569091797,13.90625,1.1979589462280273,5.260475158691406,34.81666946411133,0.40731799602508545,0.3271999955177307
2021-04-20,56473.03125,2330.2109375,1.3832989931106567,31.77005386352539,13.432103157043457,1.2659339904785156,5.228964805603027,35.444435119628906,0.31949999928474426,0.34152400493621826
2021-04-21,53906.08984375,2364.751708984375,1.2964979410171509,32.51304244995117,13.281159400939941,1.2067350149154663,4.723251819610596,33.871028900146484,0.3069249987602234,0.3592289984226227
2021-04-22,51762.2734375,2403.53515625,1.159682035446167,38.8797607421875,13.649862289428711,1.147017002105713,4.22310209274292,32.98847579956055,0.2609669864177704,0.3494449853897095
2021-04-23,51093.65234375,2363.586181640625,1.169659972190857,36.97842025756836,14.08147144317627,1.155701994895935,4.175148010253906,32.22798538208008,0.2485090047121048,0.38180801272392273
2021-04-24,50050.8671875,2211.625732421875,1.0487060546875,40.7373161315918,15.56937026977539,1.101354956626892,3.687201976776123,28.932832717895508,0.27021199464797974,0.3534280061721802
2021-04-25,49004.25390625,2316.0595703125,1.032256007194519,47.36762619018555,17.663372039794922,1.0882500410079956,3.9330949783325195,29.762489318847656,0.2511110007762909,0.3828839957714081
2021-04-26,54021.75390625,2534.481689453125,1.3685059547424316,43.97651672363281,17.617042541503906,1.2340190410614014,4.84866189956665,33.4066276550293,0.2706739902496338,0.5351930260658264
2021-04-27,55033.1171875,2662.865234375,1.4009549617767334,43.2390022277832,17.721141815185547,1.306926965713501,5.340735912322998,34.70315933227539,0.2721880078315735,0.8327540159225464
2021-04-28,54824.703125,2746.380126953125,1.3586009740829468,44.825984954833984,16.81857681274414,1.3356659412384033,5.070752143859863,33.967552185058594,0.3236820101737976,0.7731130123138428
2021-04-29,53555.109375,2756.876953125,1.399359941482544,42.460540771484375,16.236839294433594,1.3080140352249146,5.070003986358643,35.96815490722656,0.3051689863204956,0.8908720016479492
2021-04-30,57750.17578125,2773.20703125,1.5916739702224731,42.95600128173828,16.687427520751953,1.3524490594863892,5.195066928863525,36.54066467285156,0.3375610113143921,0.8205680251121521
2021-05-01,57828.05078125,2945.892822265625,1.6510250568389893,49.50802230834961,16.541624069213867,1.3530709743499756,5.130733013153076,36.929683685302734,0.3929870128631592,0.7868210077285767
2021-05-02,56631.078125,2952.05615234375,1.5626410245895386,46.890987396240234,17.14510154724121,1.3268120288848877,4.951172828674316,36.6545295715332,0.37604600191116333,0.8245120048522949
2021-05-03,57200.29296875,3431.086181640625,1.555994987487793,45.93368911743164,17.284818649291992,1.362030029296875,5.275483131408691,37.25520706176758,0.44170698523521423,0.7961390018463135
2021-05-04,53333.5390625,3253.62939453125,1.3923759460449219,42.729557037353516,16.337411880493164,1.274111032485962,5.197460174560547,34.85350799560547,0.5413339734077454,0.7043830156326294
2021-05-05,57424.0078125,3522.783203125,1.6145119667053223,44.92357635498047,17.01775360107422,1.4755289554595947,5.3281731605529785,40.49504470825195,0.6576330065727234,0.8110849857330322
2021-05-06,56396.515625,3490.88037109375,1.6005810499191284,43.4556770324707,16.768295288085938,1.650123953819275,5.122438907623291,41.53346633911133,0.5808039903640747,0.7617849707603455
2021-05-07,57356.40234375,3484.72900390625,1.5817550420761108,43.1550178527832,16.582763671875,1.65345299243927,5.036758899688721,39.92985153198242,0.684777021408081,0.7531290054321289
2021-05-08,58803.77734375,3902.647705078125,1.5625979900360107,45.56153106689453,16.984989166259766,1.619554042816162,5.051137924194336,39.83269119262695,0.6364390254020691,0.8482580184936523
2021-05-09,58232.31640625,3928.8447265625,1.5352929830551147,44.330196380615234,16.993803024291992,1.7705620527267456,5.0884690284729,40.312843322753906,0.5700700283050537,0.9698650240898132
2021-05-10,55859.796875,3952.2939453125,1.3890060186386108,42.90963363647461,15.86888313293457,1.6446959972381592,4.901611804962158,36.541770935058594,0.4499639868736267,0.8750690221786499
2021-05-11,56704.57421875,4168.701171875,1.4776819944381714,44.57746887207031,16.311174392700195,1.7640769481658936,5.08169412612915,38.64228439331055,0.4952310025691986,1.069219946861267
2021-05-12,49150.53515625,3785.8486328125,1.247864007949829,42.45730972290039,14.475173950195312,1.5527750253677368,4.896405220031738,34.03139114379883,0.3853760063648224,1.0190140008926392
2021-05-13,49716.19140625,3715.1484375,1.3589099645614624,40.99785232543945,15.895573616027832,1.9336680173873901,4.807413101196289,40.031654357910156,0.49037399888038635,1.0531539916992188
2021-05-14,49880.53515625,4079.057373046875,1.4029170274734497,42.717864990234375,16.405128479003906,2.004796028137207,5.001989841461182,47.94593811035156,0.5596039891242981,1.470762014389038
2021-05-15,46760.1875,3638.1220703125,1.4858800172805786,43.461307525634766,15.21720027923584,2.1740269660949707,4.761088848114014,43.538631439208984,0.507972002029419,1.608185052871704
2021-05-16,46456.05859375,3587.506103515625,1.452605962753296,47.200828552246094,16.182369232177734,2.309113025665283,4.628044128417969,42.63151168823242,0.5148950219154358,1.714745044708252
2021-05-17,43537.51171875,3282.397705078125,1.4962999820709229,46.86320495605469,14.957592010498047,2.032226085662842,4.43031120300293,38.71015930175781,0.4878920018672943,1.7279729843139648
2021-05-18,42909.40234375,3380.070068359375,1.5907340049743652,55.91096115112305,15.704337120056152,2.003662109375,4.223462104797363,40.645355224609375,0.47611498832702637,2.45436692237854
2021-05-19,37002.44140625,2460.67919921875,1.0703129768371582,35.107181549072266,9.64405345916748,1.4825210571289062,3.0738110542297363,25.227142333984375,0.33312299847602844,1.6593899726867676
2021-05-20,40782.73828125,2784.294189453125,1.1855369806289673,44.74274826049805,10.40572738647461,1.8104690313339233,3.5747580528259277,29.150569915771484,0.400193989276886,1.8414510488510132
2021-05-21,37304.69140625,2430.621337890625,1.0069760084152222,38.81285095214844,8.265974998474121,1.5522769689559937,2.9209508895874023,24.463970184326172,0.3593820035457611,1.4823360443115234
2021-05-22,37536.6328125,2295.70556640625,0.9063169956207275,31.315582275390625,6.583102226257324,1.463621973991394,3.0080459117889404,22.014524459838867,0.34237098693847656,1.1932920217514038
2021-05-23,34770.58203125,2109.579833984375,0.7970150113105774,24.68874740600586,4.107669830322266,1.325435996055603,2.4940340518951416,18.029441833496094,0.30807098746299744,1.0867149829864502
2021-05-24,38705.98046875,2643.591064453125,0.9928349852561951,31.283571243286133,6.590835094451904,1.5494849681854248,3.094573974609375,23.19908905029297,0.3661620020866394,1.7175769805908203
2021-05-25,38402.22265625,2706.62890625,0.976186990737915,29.99707794189453,6.638655185699463,1.5553690195083618,2.9583730697631836,22.130130767822266,0.34630200266838074,1.9400500059127808
2021-05-26,39294.19921875,2888.69873046875,1.0337250232696533,35.539817810058594,7.334159851074219,1.7827019691467285,3.1618309020996094,24.5496883392334,0.35369300842285156,2.2101669311523438
2021-05-27,38436.96875,2736.488525390625,0.9702349901199341,33.584590911865234,6.653355121612549,1.6459599733352661,3.1315629482269287,23.852981567382812,0.33294498920440674,2.026745080947876
2021-05-28,35697.60546875,2419.90625,0.9001479744911194,29.039276123046875,5.898266792297363,1.5119869709014893,2.77205491065979,21.410093307495117,0.3112049996852875,1.8232940435409546
2021-05-29,34616.06640625,2279.51416015625,0.8317880034446716,27.376420974731445,5.490818977355957,1.4062319993972778,2.6222989559173584,19.863374710083008,0.3031100034713745,1.6981940269470215
2021-05-30,35678.12890625,2390.305419921875,0.9066089987754822,28.602659225463867,6.218207836151123,1.577278971672058,2.7309529781341553,20.473987579345703,0.3022240102291107,1.8649380207061768
2021-05-31,37332.85546875,2714.9453125,1.0465840101242065,32.816246032714844,6.563470840454102,1.742777943611145,2.9117650985717773,23.430927276611328,0.3258099853992462,1.8810240030288696
2021-06-01,36684.92578125,2633.518310546875,1.0110009908676147,30.985260009765625,6.303988933563232,1.7347530126571655,2.89957594871521,22.81084632873535,0.3700770139694214,1.8211640119552612
2021-06-02,37575.1796875,2706.125,1.024399995803833,33.95631790161133,6.841399192810059,1.7528239488601685,2.936415910720825,25.957727432250977,0.4233739972114563,1.7958970069885254
2021-06-03,39208.765625,2855.12646484375,1.045320987701416,39.47090530395508,7.672639846801758,1.8404710292816162,3.215851068496704,27.013458251953125,0.39996299147605896,1.8238459825515747
2021-06-04,36894.40625,2688.195068359375,0.970196008682251,37.415069580078125,6.385731220245361,1.710908055305481,3.0234758853912354,25.008298873901367,0.37632301449775696,1.631484031677246
2021-06-05,35551.95703125,2630.576904296875,0.9232860207557678,39.58539962768555,6.0553460121154785,1.6590089797973633,2.8716630935668945,23.816770553588867,0.37217700481414795,1.5273339748382568
2021-06-06,35862.37890625,2715.0927734375,0.945285975933075,42.30837631225586,6.249195098876953,1.6782480478286743,2.8708930015563965,24.20159912109375,0.3718070089817047,1.5834280252456665
2021-06-07,33560.70703125,2590.26318359375,0.8611549735069275,38.262332916259766,5.584114074707031,1.5641059875488281,2.6197071075439453,21.6269588470459,0.33105000853538513,1.4801219701766968
2021-06-08,33472.6328125,2517.438720703125,0.8757879734039307,41.51781463623047,5.619856834411621,1.5880299806594849,2.740365982055664,21.745269775390625,0.32768699526786804,1.485098958015442
2021-06-09,37345.12109375,2608.26708984375,0.9200339913368225,42.031776428222656,6.0163421630859375,1.6248259544372559,2.870352029800415,23.184938430786133,0.3433310091495514,1.4924269914627075
2021-06-10,36702.59765625,2471.5185546875,0.8691819906234741,41.09867477416992,6.136998176574707,1.5318570137023926,2.8180320262908936,22.684816360473633,0.32635098695755005,1.3622050285339355
2021-06-11,37334.3984375,2353.768798828125,0.8484500050544739,36.046085357666016,5.551538944244385,1.436378002166748,2.5737879276275635,20.985857009887695,0.3193590044975281,1.251965045928955
2021-06-12,35552.515625,2372.484375,0.8326830267906189,36.441688537597656,5.4975080490112305,1.4802199602127075,2.49611496925354,20.777036666870117,0.31208398938179016,1.3412690162658691
2021-06-13,39097.859375,2508.3916015625,0.8831599950790405,38.77043533325195,6.072099208831787,1.5583590269088745,2.8263471126556396,22.07633399963379,0.3243820071220398,1.4692169427871704
2021-06-14,40218.4765625,2537.89111328125,0.8928970098495483,38.71305465698242,6.03755521774292,1.5751099586486816,2.8921151161193848,22.20535659790039,0.3320850133895874,1.4778629541397095
2021-06-15,40406.26953125,2610.936767578125,0.8898000121116638,41.153648376464844,6.58910608291626,1.597756028175354,2.900038957595825,24.760835647583008,0.3283810019493103,1.6914600133895874
2021-06-16,38347.0625,2367.66357421875,0.8319079875946045,39.703617095947266,6.174939155578613,1.4825730323791504,3.3564400672912598,22.97217559814453,0.307761013507843,1.4771970510482788
2021-06-17,38053.50390625,2372.001953125,0.8414379954338074,39.264591217041016,6.154644012451172,1.482193946838379,3.094266891479492,22.51145362854004,0.3064959943294525,1.5037939548492432
2021-06-18,35787.24609375,2231.733154296875,0.797648012638092,36.64879608154297,5.917374134063721,1.415395975112915,2.8184659481048584,21.398895263671875,0.2934719920158386,1.3772610425949097
2021-06-19,35615.87109375,2178.4990234375,0.7616729736328125,35.35343551635742,5.763191223144531,1.390570044517517,2.759366989135742,20.355941772460938,0.2873559892177582,1.3636950254440308
2021-06-20,35698.296875,2246.364501953125,0.7763770222663879,35.32201385498047,5.891520023345947,1.4291880130767822,2.6768980026245117,20.67236328125,0.2809000015258789,1.3989959955215454
2021-06-21,31676.693359375,1888.447509765625,0.6103879809379578,26.657400131225586,4.842235088348389,1.1774799823760986,2.206554889678955,15.769904136657715,0.17869099974632263,1.0990519523620605
2021-06-22,32505.66015625,1874.9500732421875,0.5450670123100281,26.7718563079834,4.711923122406006,1.1532540321350098,2.145543098449707,14.652412414550781,0.19103099405765533,1.0743839740753174
2021-06-23,33723.02734375,1989.736328125,0.6265349984169006,30.048887252807617,5.252572059631348,1.2528959512710571,2.277761936187744,16.14249038696289,0.23217399418354034,1.1585869789123535
2021-06-24,34662.4375,1988.456298828125,0.671999990940094,31.181034088134766,5.454391956329346,1.3560869693756104,2.276141881942749,16.253658294677734,0.2627820074558258,1.2031480073928833
2021-06-25,31637.779296875,1813.21728515625,0.6133229732513428,28.698862075805664,5.06310510635376,1.256477952003479,2.17349910736084,14.467696189880371,0.23915299773216248,1.0461629629135132
2021-06-26,32186.27734375,1829.2392578125,0.615435004234314,29.712854385375977,5.2019171714782715,1.250440001487732,2.138145923614502,14.499611854553223,0.24478399753570557,1.0754530429840088
2021-06-27,34649.64453125,1978.8946533203125,0.6469230055809021,31.929391860961914,5.400850772857666,1.3352019786834717,2.1847429275512695,15.015593528747559,0.2644500136375427,1.1120330095291138
2021-06-28,34434.3359375,2079.657470703125,0.643746018409729,32.92778015136719,5.529632091522217,1.3247519731521606,2.233513116836548,15.740378379821777,0.2568570077419281,1.119223952293396
2021-06-29,35867.77734375,2160.768310546875,0.7017250061035156,33.86680221557617,5.986422061920166,1.3684370517730713,2.3172008991241455,16.25337028503418,0.26276901364326477,1.1672790050506592
2021-06-30,35040.8359375,2274.547607421875,0.7063739895820618,35.55640411376953,6.522355079650879,1.383471965789795,2.328852891921997,16.40219497680664,0.2542150020599365,1.1674280166625977
2021-07-01,33572.1171875,2113.60546875,0.6611800193786621,33.40403366088867,5.921539783477783,1.3356109857559204,2.3038580417633057,15.278964042663574,0.2445490062236786,1.0773570537567139
2021-07-02,33897.046875,2150.040283203125,0.6567630171775818,34.02048110961914,5.726226806640625,1.3943970203399658,2.2788429260253906,15.340773582458496,0.2452639937400818,1.1036109924316406
2021-07-03,34668.546875,2226.1142578125,0.6728879809379578,34.478816986083984,5.809141159057617,1.4068360328674316,2.3235130310058594,15.553715705871582,0.24641099572181702,1.118638038635254
2021-07-04,35287.78125,2321.72412109375,0.6949449777603149,34.31060028076172,5.973340034484863,1.458184003829956,2.3493831157684326,16.014026641845703,0.2464829981327057,1.1478650569915771
2021-07-05,33746.00390625,2198.58251953125,0.6542999744415283,32.984588623046875,6.037942886352539,1.4048980474472046,2.244631052017212,15.23558235168457,0.23161399364471436,1.1016099452972412
2021-07-06,34235.1953125,2324.679443359375,0.6654019951820374,34.26913833618164,6.530279159545898,1.4180530309677124,2.2312850952148438,16.143564224243164,0.2344219982624054,1.1317859888076782
2021-07-07,33855.328125,2315.161865234375,0.6515750288963318,36.59136962890625,7.090137004852295,1.4031180143356323,2.232430934906006,16.857789993286133,0.22412599623203278,1.128411054611206
2021-07-08,32877.37109375,2120.0263671875,0.623058021068573,33.20372772216797,6.703923225402832,1.3301459550857544,2.139059066772461,15.337747573852539,0.20759700238704681,1.0433399677276611
2021-07-09,33798.01171875,2146.6923828125,0.6368039846420288,33.2646484375,8.093796730041504,1.3494739532470703,2.1043970584869385,15.669268608093262,0.21986399590969086,1.0513290166854858
2021-07-10,33520.51953125,2111.403564453125,0.6254630088806152,31.788644790649414,7.895116806030273,1.3360849618911743,2.0839860439300537,15.290839195251465,0.213919997215271,1.02987802028656
2021-07-11,34240.1875,2139.664794921875,0.6359350085258484,32.17784118652344,8.422262191772461,1.3481450080871582,2.124840021133423,15.48243522644043,0.21585600078105927,1.0421520471572876
2021-07-12,33155.84765625,2036.7210693359375,0.6301779747009277,30.848087310791016,7.891665935516357,1.3150990009307861,2.050987958908081,14.873132705688477,0.2080480009317398,0.9969879984855652
2021-07-13,32702.025390625,1940.083984375,0.6195229887962341,29.12118911743164,7.103418827056885,1.2650829553604126,1.9682589769363403,14.18964958190918,0.2000029981136322,0.9456639885902405
2021-07-14,32822.34765625,1994.331298828125,0.6203240156173706,31.2810001373291,6.918966770172119,1.2622580528259277,2.0590100288391113,13.799570083618164,0.1973239928483963,0.9286959767341614
2021-07-15,31780.73046875,1911.1756591796875,0.5969409942626953,28.45210075378418,6.6125168800354,1.2231919765472412,1.9642930030822754,13.08484935760498,0.18488800525665283,0.8767820000648499
2021-07-16,31421.5390625,1880.3829345703125,0.5907739996910095,26.37000846862793,6.578952789306641,1.1737149953842163,1.9356880187988281,12.053826332092285,0.17234499752521515,0.8126140236854553
2021-07-17,31533.068359375,1898.8251953125,0.582427978515625,26.721668243408203,6.478758811950684,1.172302007675171,1.9309710264205933,12.292176246643066,0.1861249953508377,0.8014609813690186
2021-07-18,31796.810546875,1895.5521240234375,0.5879219770431519,26.751909255981445,6.496267795562744,1.183698058128357,1.967290997505188,12.682146072387695,0.18223300576210022,0.7954570055007935
2021-07-19,30817.83203125,1817.296630859375,0.5575559735298157,24.44757652282715,5.9539618492126465,1.121116042137146,1.812661051750183,11.425251007080078,0.17355599999427795,0.7307279706001282
2021-07-20,29807.34765625,1787.5107421875,0.5293359756469727,23.48955535888672,5.8709821701049805,1.0562909841537476,1.650575041770935,10.98121166229248,0.17080099880695343,0.6901010274887085
2021-07-21,32110.693359375,1990.9708251953125,0.569998025894165,26.623079299926758,6.608770847320557,1.168097972869873,1.7323909997940063,12.305878639221191,0.19034899771213531,0.8880090117454529
2021-07-22,32313.10546875,2025.2027587890625,0.5922060012817383,27.70208168029785,7.346724033355713,1.1861610412597656,1.7225550413131714,13.161491394042969,0.19130299985408783,0.8805509805679321
2021-07-23,33581.55078125,2124.776611328125,0.6092240214347839,28.513879776000977,7.925920009613037,1.206307053565979,1.7705810070037842,13.397968292236328,0.19476400315761566,0.9492300152778625
2021-07-24,34292.4453125,2189.21875,0.6098269820213318,28.702619552612305,8.486323356628418,1.2334970235824585,1.9262200593948364,13.805340766906738,0.19731900095939636,0.9493250250816345
2021-07-25,35350.1875,2191.373779296875,0.6063569784164429,28.168773651123047,8.253888130187988,1.2285009622573853,1.8736799955368042,13.712599754333496,0.19786399602890015,0.9399430155754089
2021-07-26,37337.53515625,2233.36669921875,0.6256179809570312,28.306642532348633,8.519877433776855,1.2584929466247559,1.9387990236282349,13.951711654663086,0.20441900193691254,1.0178860425949097
2021-07-27,39406.94140625,2298.33349609375,0.6446040272712708,28.065326690673828,9.507802963256836,1.2784459590911865,1.951643943786621,14.37607192993164,0.20589900016784668,1.0398199558258057
2021-07-28,39995.90625,2296.54541015625,0.7254449725151062,27.815410614013672,10.966312408447266,1.2835040092468262,1.9195059537887573,14.538834571838379,0.2053920030593872,1.015442967414856
2021-07-29,40008.421875,2380.956787109375,0.7480170130729675,31.281137466430664,11.044137001037598,1.2840839624404907,2.053136110305786,15.236948013305664,0.20461900532245636,1.025704026222229
2021-07-30,42235.546875,2466.96142578125,0.7521190047264099,32.393943786621094,10.845376968383789,1.3089519739151,2.2708919048309326,15.838522911071777,0.20882099866867065,1.0694069862365723
2021-07-31,41626.1953125,2536.2099609375,0.7477859854698181,36.82731246948242,10.757214546203613,1.3223450183868408,2.23073410987854,16.847204208374023,0.20831400156021118,1.0826489925384521
2021-08-01,39974.89453125,2561.85205078125,0.7259219884872437,34.25436019897461,11.928194046020508,1.3177299499511719,2.149513006210327,18.413965225219727,0.2044370025396347,1.052474021911621
2021-08-02,39201.9453125,2610.1533203125,0.7392200231552124,33.22241973876953,12.329427719116211,1.3100680112838745,2.1312270164489746,18.017284393310547,0.20360000431537628,1.04818594455719
2021-08-03,38152.98046875,2502.349609375,0.7127289772033691,33.99644088745117,14.719024658203125,1.3650259971618652,2.1868090629577637,17.33682632446289,0.19596700370311737,1.0187950134277344
2021-08-04,39747.50390625,2724.619873046875,0.7304880023002625,35.76362609863281,14.51312255859375,1.3765640258789062,2.217947006225586,19.16309356689453,0.20148999989032745,1.0526820421218872
2021-08-05,40869.5546875,2827.328857421875,0.7331510186195374,37.35513687133789,14.554635047912598,1.386144995689392,2.229077100753784,19.13237190246582,0.2009740024805069,1.0649449825286865
2021-08-06,42816.5,2890.941650390625,0.7465130090713501,39.446102142333984,14.498414039611816,1.401785969734192,2.3169469833374023,20.400678634643555,0.20468799769878387,1.0808219909667969
2021-08-07,44555.80078125,3157.23876953125,0.8162810206413269,39.403472900390625,14.588269233703613,1.4706770181655884,2.382520914077759,20.96709442138672,0.26034098863601685,1.166139006614685
2021-08-08,43798.1171875,3013.732666015625,0.7787389755249023,37.673824310302734,13.414520263671875,1.4278299808502197,2.2596259117126465,19.676132202148438,0.2400449961423874,1.0809069871902466
2021-08-09,46365.40234375,3167.856201171875,0.8185529708862305,38.767784118652344,13.969467163085938,1.4776400327682495,2.328458070755005,20.6209716796875,0.2568970024585724,1.127634048461914
2021-08-10,45585.03125,3141.691162109375,0.8512470126152039,40.63979721069336,16.74758529663086,1.6725660562515259,2.36366605758667,20.608009338378906,0.2573249936103821,1.1575889587402344
2021-08-11,45593.63671875,3164.2451171875,1.0125240087509155,41.74411392211914,17.0195369720459,1.7980380058288574,2.5708820819854736,21.402421951293945,0.26526299118995667,1.373568058013916
2021-08-12,44428.2890625,3043.414306640625,0.9645490050315857,41.099361419677734,16.568950653076172,1.8238780498504639,2.4757120609283447,20.754806518554688,0.26392099261283875,1.3210190534591675
2021-08-13,47793.3203125,3322.211669921875,1.089959979057312,44.894500732421875,17.801057815551758,2.1360790729522705,2.6834208965301514,22.714149475097656,0.2868080139160156,1.513185977935791
2021-08-14,47096.9453125,3265.443359375,1.280411958694458,44.112850189208984,17.402936935424805,2.1916871070861816,2.680891990661621,22.861026763916016,0.29311299324035645,1.4417589902877808
2021-08-15,47047.00390625,3310.504150390625,1.288159966468811,53.74515914916992,19.28481674194336,2.1691529750823975,2.7240149974823,23.17401695251465,0.34144100546836853,1.466439962387085
2021-08-16,46004.484375,3156.509521484375,1.1909929513931274,62.432464599609375,22.000459671020508,2.0794169902801514,2.8070359230041504,24.535856246948242,0.3207150101661682,1.4275130033493042
2021-08-17,44695.359375,3014.845947265625,1.0981990098953247,64.21070861816406,25.23495864868164,1.9266010522842407,2.858534097671509,23.533639907836914,0.29944199323654175,1.3517589569091797
2021-08-18,44801.1875,3020.08984375,1.14609694480896,72.5433120727539,30.841764450073242,2.108560085296631,2.978909969329834,23.948135375976562,0.3037390112876892,1.3385469913482666
2021-08-19,46717.578125,3182.7021484375,1.232841968536377,72.75760650634766,29.3968563079834,2.4281399250030518,3.2646288871765137,26.548627853393555,0.3171440064907074,1.4692679643630981
2021-08-20,49339.17578125,3286.935302734375,1.2632219791412354,78.72461700439453,30.652450561523438,2.4577019214630127,3.2143750190734863,28.146953582763672,0.32749098539352417,1.5527429580688477
2021-08-21,48905.4921875,3226.083984375,1.2164729833602905,73.75621032714844,27.551191329956055,2.4354350566864014,3.157428026199341,27.873336791992188,0.3167969882488251,1.5849740505218506
2021-08-22,49321.65234375,3242.115478515625,1.2277220487594604,72.80391693115234,28.033279418945312,2.7137250900268555,3.053025007247925,27.736873626708984,0.3149630129337311,1.626175045967102
2021-08-23,49546.1484375,3319.25732421875,1.2472699880599976,75.70803833007812,29.916851043701172,2.917386054992676,3.160784959793091,27.89130973815918,0.3179140090942383,1.624295949935913
2021-08-24,47706.1171875,3172.456298828125,1.1373519897460938,70.67090606689453,29.671165466308594,2.7210910320281982,3.023483991622925,25.081445693969727,0.28873899579048157,1.4747469425201416
2021-08-25,48960.7890625,3224.915283203125,1.1725289821624756,71.95156860351562,29.989593505859375,2.7381319999694824,3.211383104324341,25.935373306274414,0.29222598671913147,1.5259510278701782
2021-08-26,46942.21875,3100.325439453125,1.0752660036087036,75.31620788574219,27.009300231933594,2.5355279445648193,2.9874260425567627,23.981494903564453,0.2689090073108673,1.3777389526367188
2021-08-27,49058.66796875,3270.600830078125,1.1884729862213135,88.08698272705078,32.66126251220703,2.944196939468384,3.0804829597473145,26.569753646850586,0.29443299770355225,1.5154930353164673
2021-08-28,48902.40234375,3244.4033203125,1.1455049514770508,96.70317077636719,34.959205627441406,2.847490072250366,3.1349449157714844,25.96674156188965,0.285629004240036,1.4579119682312012
2021-08-29,48829.83203125,3227.002685546875,1.1408319473266602,94.46967315673828,33.331241607666016,2.8559861183166504,3.5044610500335693,25.73291778564453,0.281125009059906,1.4207819700241089
2021-08-30,47054.984375,3224.374267578125,1.1014349460601807,110.54480743408203,33.468238830566406,2.7331600189208984,3.3757948875427246,26.044719696044922,0.2721250057220459,1.3139029741287231
2021-08-31,47166.6875,3433.732666015625,1.1875929832458496,108.48377227783203,31.56235694885254,2.772475004196167,3.423835039138794,31.470020294189453,0.27845299243927,1.338104009628296
2021-09-01,48847.02734375,3834.828125,1.234889030456543,111.03300476074219,31.662614822387695,2.870767116546631,3.5482399463653564,33.13948059082031,0.29440099000930786,1.471418023109436
2021-09-02,49327.72265625,3790.989990234375,1.256324052810669,128.10238647460938,32.86503982543945,2.963438034057617,3.5405240058898926,31.814712524414062,0.29595500230789185,1.4467209577560425
2021-09-03,50025.375,3940.61474609375,1.2914350032806396,146.5830535888672,31.741863250732422,2.9682390689849854,3.7368099689483643,33.67427444458008,0.29627299308776855,1.4592169523239136
2021-09-04,49944.625,3887.828369140625,1.2557790279388428,139.11306762695312,31.406158447265625,2.8328070640563965,3.604383945465088,32.41751480102539,0.29938799142837524,1.7339099645614624
2021-09-05,51753.41015625,3952.133544921875,1.3054980039596558,142.0708770751953,34.486785888671875,2.9108240604400635,3.6872830390930176,34.408790588378906,0.3145270049571991,1.679481029510498
2021-09-06,52633.53515625,3928.37939453125,1.3894129991531372,164.38092041015625,32.35395050048828,2.831897020339966,4.599269866943359,34.31120300292969,0.3087649941444397,1.64382803440094
2021-09-07,46811.12890625,3426.394287109375,1.1250989437103271,173.14892578125,27.789936065673828,2.502490997314453,3.7866389751434326,27.82574462890625,0.2537440061569214,1.3542020320892334
2021-09-08,46091.390625,3497.315185546875,1.1007200479507446,191.04139709472656,29.426498413085938,2.4749889373779297,3.872037887573242,27.70879364013672,0.2571130096912384,1.333335041999817
2021-09-09,46391.421875,3427.340087890625,1.0894010066986084,188.19580078125,30.511926651000977,2.5176661014556885,3.908655881881714,29.835569381713867,0.252595990896225,1.3671890497207642
2021-09-10,44883.91015625,3211.505859375,1.0572669506072998,179.865234375,43.5446662902832,2.385910987854004,3.8911020755767822,29.215356826782227,0.2399819940328598,1.304479956626892
2021-09-11,45201.45703125,3270.278076171875,1.0799059867858887,178.8678741455078,39.09306716918945,2.6339499950408936,3.9677200317382812,31.594602584838867,0.24143199622631073,1.3154699802398682
2021-09-12,46063.26953125,3410.134521484375,1.119636058807373,174.53762817382812,39.22871780395508,2.5817270278930664,3.8417038917541504,35.77433776855469,0.25061699748039246,1.3297380208969116
2021-09-13,44963.07421875,3285.51171875,1.0646779537200928,169.26954650878906,37.19157409667969,2.400662899017334,3.536547899246216,34.76799011230469,0.23590600490570068,1.2476099729537964
2021-09-14,47092.4921875,3429.169677734375,1.0965739488601685,158.09481811523438,35.66656494140625,2.3956379890441895,3.6811180114746094,37.37580108642578,0.24070900678634644,1.316789984703064
2021-09-15,48176.34765625,3615.28271484375,1.121353030204773,159.1173858642578,36.689205169677734,2.5016350746154785,3.793627977371216,36.46339416503906,0.24769699573516846,1.4163730144500732
2021-09-16,47783.359375,3571.294921875,1.0914980173110962,152.47406005859375,37.52246856689453,2.420969009399414,3.653467893600464,35.547550201416016,0.24255500733852386,1.383579969406128
2021-09-17,47267.51953125,3398.538818359375,1.0655980110168457,147.5930633544922,34.42565155029297,2.346419095993042,3.549757957458496,33.021385192871094,0.23993000388145447,1.422435998916626
2021-09-18,48278.36328125,3432.018310546875,1.0756679773330688,169.18421936035156,34.78163146972656,2.3699779510498047,3.568140983581543,34.89886474609375,0.24138599634170532,1.3662420511245728
2021-09-19,47260.21875,3329.447998046875,1.0484280586242676,152.51669311523438,32.962181091308594,2.282299041748047,3.4261560440063477,33.801334381103516,0.23314200341701508,1.31454598903656
2021-09-20,42843.80078125,2958.993408203125,0.9171519875526428,132.13446044921875,27.217382431030273,2.0639889240264893,3.0471110343933105,28.051830291748047,0.20707100629806519,1.1263760328292847
2021-09-21,40693.67578125,2764.43115234375,0.8763290047645569,123.95039367675781,25.152347564697266,1.9870280027389526,2.6852378845214844,26.31650161743164,0.2010270059108734,1.046900987625122
2021-09-22,43574.5078125,3077.867919921875,1.0040760040283203,147.92425537109375,33.273799896240234,2.2661819458007812,3.036067008972168,31.611772537231445,0.22485800087451935,1.231153964996338
2021-09-23,44895.09765625,3155.523681640625,1.0020400285720825,149.75357055664062,36.20280075073242,2.3309409618377686,3.0768189430236816,33.54473876953125,0.22483199834823608,1.2255940437316895
2021-09-24,42839.75,2931.669189453125,0.9459239840507507,139.39564514160156,40.20151138305664,2.281269073486328,2.8304100036621094,30.842344284057617,0.20945100486278534,1.1289069652557373
2021-09-25,42716.59375,2925.565673828125,0.9413419961929321,136.17892456054688,37.90815353393555,2.3015410900115967,2.9369618892669678,29.843185424804688,0.208639994263649,1.1222749948501587
2021-09-26,43208.5390625,3062.265380859375,0.944720983505249,135.69937133789062,34.64458084106445,2.2084949016571045,2.976283073425293,28.828662872314453,0.20496200025081635,1.12301504611969
2021-09-27,42235.73046875,2934.138916015625,0.9236850142478943,136.72842407226562,36.90671920776367,2.1359050273895264,2.8495678901672363,27.772104263305664,0.20026199519634247,1.0866930484771729
2021-09-28,41034.54296875,2807.296630859375,0.893688976764679,131.53721618652344,33.16389083862305,2.0391390323638916,2.6440720558166504,26.33382797241211,0.1968040019273758,1.0503549575805664
2021-09-29,41564.36328125,2853.143310546875,0.9283490180969238,135.35145568847656,34.186187744140625,2.065687894821167,2.6549859046936035,27.274255752563477,0.19887599349021912,1.0994160175323486
2021-09-30,43790.89453125,3001.678955078125,0.9526360034942627,141.0690460205078,38.6016731262207,2.1144518852233887,2.7304720878601074,28.58061981201172,0.204244002699852,1.1271090507507324
2021-10-01,48116.94140625,3307.51611328125,1.0426239967346191,161.682373046875,37.73747634887695,2.258126974105835,3.0773251056671143,31.96877670288086,0.22301000356674194,1.2661950588226318
2021-10-02,47711.48828125,3391.6943359375,1.0386749505996704,169.093017578125,41.47689437866211,2.2514588832855225,3.063491106033325,32.122108459472656,0.21913300454616547,1.296617031097412
2021-10-03,48199.953125,3418.358642578125,1.0551700592041016,172.5891571044922,42.742488861083984,2.252872943878174,3.1378040313720703,32.105255126953125,0.2217479944229126,1.3253790140151978
2021-10-04,49112.90234375,3380.089111328125,1.043004035949707,166.73191833496094,46.723358154296875,2.189234972000122,3.076570987701416,31.042125701904297,0.2408519983291626,1.2719099521636963
2021-10-05,51514.8125,3518.5185546875,1.0855029821395874,164.11582946777344,44.70867156982422,2.233124017715454,3.057997941970825,31.427457809448242,0.25201600790023804,1.3145439624786377
2021-10-06,55361.44921875,3580.56201171875,1.0776560306549072,154.1077423095703,41.948692321777344,2.2121551036834717,2.9862639904022217,32.28961181640625,0.2551339864730835,1.2576429843902588
2021-10-07,53805.984375,3587.974853515625,1.0680259466171265,154.28118896484375,46.54294967651367,2.2769949436187744,2.947127103805542,33.97454833984375,0.24292300641536713,1.2765079736709595
2021-10-08,53967.84765625,3563.75927734375,1.0628910064697266,158.94920349121094,43.28617858886719,2.237175941467285,2.9464340209960938,33.372894287109375,0.24385100603103638,1.3440279960632324
2021-10-09,54968.22265625,3575.716796875,1.1599260568618774,156.82583618164062,42.47336196899414,2.2666149139404297,3.019813060760498,36.3274040222168,0.24659599363803864,1.351140022277832
2021-10-10,54771.578125,3425.852783203125,1.1384530067443848,148.0487060546875,39.37347412109375,2.197213888168335,3.004512071609497,34.4664192199707,0.22980499267578125,1.248175024986267
2021-10-11,57484.7890625,3545.35400390625,1.137887954711914,144.85813903808594,39.210147857666016,2.173388957977295,2.9135630130767822,34.18463134765625,0.23150299489498138,1.24372398853302
2021-10-12,56041.05859375,3492.5732421875,1.1018589735031128,152.73712158203125,37.59783172607422,2.119189977645874,2.778964042663574,35.159767150878906,0.22624200582504272,1.2238709926605225
2021-10-13,57401.09765625,3606.20166015625,1.128391981124878,148.17604064941406,36.61662292480469,2.1890530586242676,2.7944090366363525,41.6169319152832,0.23257200419902802,1.2411179542541504
2021-10-14,57321.5234375,3786.01416015625,1.132315993309021,149.75680541992188,37.15126037597656,2.170362949371338,3.093116044998169,40.75510025024414,0.23227299749851227,1.2630540132522583
2021-10-15,61593.94921875,3862.634765625,1.1405500173568726,162.59620666503906,36.949493408203125,2.214651107788086,2.958462953567505,43.15711212158203,0.23378199338912964,1.583204984664917
2021-10-16,60892.1796875,3830.382080078125,1.1350959539413452,157.538818359375,36.59237289428711,2.177712917327881,2.9570980072021484,41.757625579833984,0.23729200661182404,1.506134033203125
2021-10-17,61553.6171875,3847.1044921875,1.0934679508209229,159.74380493164062,36.1889762878418,2.1569631099700928,3.0298171043395996,42.073951721191406,0.23789800703525543,1.4565349817276
2021-10-18,62026.078125,3748.76025390625,1.0838420391082764,157.2312774658203,35.82107925415039,2.128262996673584,3.102252960205078,41.18367004394531,0.2472810000181198,1.4791159629821777
2021-10-19,64261.9921875,3877.65087890625,1.092079997062683,156.01702880859375,37.733585357666016,2.112962007522583,3.1264140605926514,41.38401412963867,0.24578799307346344,1.471904993057251
2021-10-20,65992.8359375,4155.9921875,1.1423280239105225,175.94686889648438,42.55474090576172,2.1859500408172607,3.182569980621338,44.348655700683594,0.2540929913520813,1.5318690538406372
2021-10-21,62210.171875,4054.32275390625,1.0893150568008423,190.3184356689453,40.9063720703125,2.1365909576416016,3.2883999347686768,42.846519470214844,0.24239100515842438,1.5044549703598022
2021-10-22,60692.265625,3970.181884765625,1.0883740186691284,196.43153381347656,43.61540222167969,2.1541988849639893,3.0965170860290527,43.44936752319336,0.24422100186347961,1.514093041419983
2021-10-23,61393.6171875,4171.66357421875,1.0944969654083252,197.703857421875,43.18797302246094,2.1668150424957275,3.0807909965515137,44.04997253417969,0.2517330050468445,1.6419179439544678
2021-10-24,60930.8359375,4087.903076171875,1.0842829942703247,202.3619842529297,41.484683990478516,2.1234350204467773,2.9618120193481445,42.385658264160156,0.2770479917526245,1.5737379789352417
2021-10-25,63039.82421875,4217.876953125,1.0951579809188843,210.1042938232422,42.79079818725586,2.144066095352173,2.9694769382476807,44.5266227722168,0.2647069990634918,1.6744489669799805
2021-10-26,60363.79296875,4131.10205078125,1.108093023300171,199.8072509765625,43.8663444519043,2.138777017593384,2.929661989212036,44.883872985839844,0.255731999874115,1.7360249757766724
2021-10-27,58482.38671875,3930.25732421875,0.9954519867897034,183.77459716796875,39.873443603515625,1.9132369756698608,2.650434970855713,40.41045379638672,0.2376900017261505,1.7599420547485352
2021-10-28,60622.13671875,4287.31884765625,1.0588200092315674,194.86398315429688,42.95647430419922,1.9882190227508545,2.765342950820923,41.861690521240234,0.3004469871520996,2.128509998321533
2021-10-29,62227.96484375,4414.74658203125,1.0815030336380005,200.18275451660156,45.57643127441406,2.0121870040893555,2.765122890472412,44.07362365722656,0.2878530025482178,2.0205719470977783
2021-10-30,61888.83203125,4325.650390625,1.0839489698410034,195.4160614013672,43.33821105957031,1.9574220180511475,2.8039801120758057,42.747833251953125,0.2683449983596802,1.8681089878082275
2021-10-31,61318.95703125,4288.07421875,1.113247036933899,202.4210205078125,42.889774322509766,1.9650260210037231,2.8081769943237305,42.742095947265625,0.28024399280548096,1.9350030422210693
2021-11-01,61004.40625,4324.626953125,1.0928670167922974,203.5450897216797,44.05930709838867,1.9500019550323486,2.9051361083984375,49.98225402832031,0.2717280089855194,1.9038970470428467
2021-11-02,63226.40234375,4584.798828125,1.1361960172653198,220.23959350585938,44.755489349365234,1.9713770151138306,3.0553629398345947,51.631351470947266,0.2731209993362427,1.9375050067901611
2021-11-03,62970.046875,4607.19384765625,1.2087960243225098,242.89881896972656,48.061790466308594,2.0637009143829346,3.0312469005584717,53.443702697753906,0.2694070041179657,2.0345981121063232
2021-11-04,61452.23046875,4537.32421875,1.202003002166748,247.3877716064453,51.922386169433594,1.9848819971084595,2.93868088722229,53.88173294067383,0.2632800042629242,1.9170409440994263
2021-11-05,61125.67578125,4486.2431640625,1.161532998085022,236.47433471679688,49.97332000732422,1.9862060546875,2.9476430416107178,51.89467239379883,0.26146501302719116,1.9014639854431152
2021-11-06,61527.48046875,4521.5810546875,1.1524540185928345,258.934326171875,51.179832458496094,2.0066089630126953,2.8940188884735107,52.00921630859375,0.261898010969162,1.8848860263824463
2021-11-07,63326.98828125,4620.5546875,1.2175339460372925,249.823486328125,50.61323165893555,2.021872043609619,2.8863680362701416,52.27798080444336,0.2663150131702423,1.884112000465393
2021-11-08,67566.828125,4812.08740234375,1.282377004623413,248.46717834472656,54.15776062011719,2.1244189739227295,2.927072048187256,53.34845733642578,0.2823590040206909,1.8940470218658447
2021-11-09,66971.828125,4735.06884765625,1.258929967880249,239.213134765625,50.23533630371094,2.2734830379486084,2.8964760303497314,50.779361724853516,0.27352601289749146,1.77646803855896
2021-11-10,64995.23046875,4636.17431640625,1.1933729648590088,233.77952575683594,48.788299560546875,2.101802110671997,2.7802250385284424,46.87133026123047,0.2557089924812317,1.7056560516357422
2021-11-11,64949.9609375,4730.38427734375,1.2183640003204346,234.24075317382812,50.59540557861328,2.085524082183838,2.805659055709839,47.64762496948242,0.2611669898033142,1.7595410346984863
2021-11-12,64155.94140625,4667.115234375,1.1893550157546997,228.50209045410156,49.55778884887695,2.0457661151885986,2.7463719844818115,45.88080596923828,0.2594139873981476,1.7157000303268433
2021-11-13,64469.52734375,4651.46044921875,1.191938042640686,241.8250274658203,52.17427062988281,2.0531039237976074,2.8676869869232178,47.12905502319336,0.26170599460601807,1.754876971244812
2021-11-14,65466.83984375,4626.35888671875,1.1885969638824463,238.42552185058594,51.06683349609375,2.0408530235290527,3.061532974243164,46.40182113647461,0.26291200518608093,1.7296680212020874
2021-11-15,63557.87109375,4557.50390625,1.1713709831237793,237.55360412597656,48.050052642822266,2.015587091445923,2.8264570236206055,44.688716888427734,0.2565290033817291,1.6917239427566528
2021-11-16,60161.24609375,4216.365234375,1.0909340381622314,219.23902893066406,43.249454498291016,1.8772350549697876,2.6435859203338623,40.899314880371094,0.2372490018606186,1.5629819631576538
2021-11-17,60368.01171875,4287.59375,1.096290946006775,218.71524047851562,43.14719772338867,1.875540018081665,2.699620008468628,42.70829391479492,0.23748700320720673,1.6347359418869019
2021-11-18,56942.13671875,4000.65087890625,1.0419540405273438,195.48741149902344,40.28295135498047,1.7883310317993164,2.3811819553375244,39.04596710205078,0.2213830053806305,1.4982490539550781
2021-11-19,58119.578125,4298.306640625,1.0914920568466187,215.28001403808594,42.42362594604492,1.8647929430007935,2.51134991645813,41.26102066040039,0.2331099957227707,1.6179649829864502
2021-11-20,59697.1953125,4409.93115234375,1.0976459980010986,218.01527404785156,45.116519927978516,1.9217360019683838,2.6513800621032715,42.060428619384766,0.233024001121521,1.6646909713745117
2021-11-21,58730.4765625,4269.73291015625,1.0601730346679688,231.28262329101562,43.60243225097656,1.8397630453109741,2.828376054763794,42.005706787109375,0.22632800042629242,1.6024030447006226
2021-11-22,56289.2890625,4088.457763671875,1.0366220474243164,215.73727416992188,41.073829650878906,1.7765549421310425,2.667354106903076,39.447872161865234,0.21967600286006927,1.558411955833435
2021-11-23,57569.07421875,4340.763671875,1.0670570135116577,221.83689880371094,42.6877326965332,1.7505029439926147,2.7436599731445312,40.79104232788086,0.22651199996471405,1.7532110214233398
2021-11-24,56280.42578125,4239.9814453125,1.0420750379562378,214.92153930664062,41.357120513916016,1.6864229440689087,2.6945509910583496,39.36941909790039,0.2218250036239624,1.680279016494751
2021-11-25,57274.6796875,4274.7431640625,1.0318880081176758,206.25299072265625,40.04566192626953,1.6513450145721436,2.6584670543670654,38.45594787597656,0.21632599830627441,1.7870880365371704
2021-11-26,53569.765625,4030.908935546875,0.9363499879837036,191.51174926757812,40.76668930053711,1.5284199714660645,2.465540885925293,34.38590621948242,0.20088699460029602,1.6318609714508057
2021-11-27,54815.078125,4096.912109375,0.9471579790115356,193.10215759277344,43.894065856933594,1.5461180210113525,2.5071370601654053,35.18669891357422,0.2053470015525818,1.6140400171279907
2021-11-28,57248.45703125,4294.45361328125,0.9687510132789612,200.67665100097656,50.09679412841797,1.5928549766540527,2.5715761184692383,35.76512145996094,0.20747199654579163,1.6518399715423584
2021-11-29,57806.56640625,4445.10498046875,0.9919610023498535,204.31936645507812,51.70349884033203,1.6025079488754272,2.539155960083008,37.162654876708984,0.21517500281333923,1.8178249597549438
2021-11-30,57005.42578125,4631.47900390625,0.9987540245056152,208.67098999023438,59.718265533447266,1.5549030303955078,2.36789608001709,37.96049499511719,0.21471500396728516,1.785351037979126
2021-12-01,57229.828125,4586.990234375,0.9909300208091736,229.7992401123047,64.2315444946289,1.547713041305542,2.3045120239257812,36.77326583862305,0.20948700606822968,2.008297920227051
2021-12-02,56477.81640625,4511.30224609375,0.9723119735717773,233.9930419921875,66.18440246582031,1.715366005897522,2.2564449310302734,35.75789260864258,0.2097260057926178,2.1272881031036377
2021-12-03,53598.24609375,4220.7060546875,0.9222440123558044,211.22439575195312,63.33518981933594,1.5565550327301025,2.24052095413208,33.639530181884766,0.19999299943447113,2.2680299282073975
2021-12-04,49200.703125,4119.58740234375,0.8470289707183838,201.1248321533203,75.55643463134766,1.420706033706665,1.9080259799957275,29.368837356567383,0.17885300517082214,1.9803060293197632
2021-12-05,49368.84765625,4198.32275390625,0.8055949807167053,196.1682586669922,68.10562133789062,1.3781050443649292,1.937872052192688,28.310138702392578,0.17125500738620758,2.0456020832061768
2021-12-06,50582.625,4358.7373046875,0.8282880187034607,194.19921875,67.28588104248047,1.425392985343933,1.8746000528335571,28.249523162841797,0.17839999496936798,2.2797110080718994
2021-12-07,50700.0859375,4315.0615234375,0.8185880184173584,190.59690856933594,68.98436737060547,1.3819409608840942,1.8347430229187012,30.543865203857422,0.17680500447750092,2.366476058959961
2021-12-08,50504.796875,4439.35791015625,0.863306999206543,194.6217041015625,75.03765869140625,1.3970739841461182,2.0808849334716797,29.870498657226562,0.1791509985923767,2.4187300205230713
2021-12-09,47672.12109375,4119.81591796875,0.8612719774246216,181.17808532714844,66.47657012939453,1.2904399633407593,1.823727011680603,26.951921463012695,0.1694840043783188,2.090277910232544
2021-12-10,47243.3046875,3908.49609375,0.8010969758033752,167.954833984375,60.93069839477539,1.2116889953613281,1.7499630451202393,26.453914642333984,0.16442200541496277,2.0976738929748535
2021-12-11,49362.5078125,4084.452392578125,0.8393129706382751,171.94949340820312,59.98435974121094,1.354248046875,1.7323520183563232,27.774728775024414,0.16901899874210358,2.1325159072875977
2021-12-12,50098.3359375,4134.453125,0.841323971748352,173.43167114257812,61.91944885253906,1.3472820520401,1.8631409406661987,29.608980178833008,0.16989099979400635,2.086988925933838
2021-12-13,46737.48046875,3784.226806640625,0.7828940153121948,155.2130584716797,52.74578857421875,1.2253479957580566,1.7512580156326294,25.971105575561523,0.15756499767303467,1.8202769756317139
2021-12-14,46612.6328125,3745.4404296875,0.7962489724159241,153.34144592285156,57.27733612060547,1.2228349447250366,1.7201319932937622,26.168418884277344,0.18015700578689575,1.8027689456939697
2021-12-15,48896.72265625,4018.388671875,0.8274310231208801,178.34078979492188,61.52701950073242,1.3118469715118408,1.7457189559936523,27.14575958251953,0.18108199536800385,2.1220600605010986
2021-12-16,47665.42578125,3962.4697265625,0.8062300086021423,176.9546661376953,64.32296752929688,1.2405339479446411,1.7731389999389648,26.04307746887207,0.17345400154590607,2.0726890563964844
2021-12-17,46202.14453125,3879.486572265625,0.7992910146713257,175.5032958984375,65.7126693725586,1.2198920249938965,1.7555429935455322,24.663026809692383,0.1690099984407425,2.128067970275879
2021-12-18,46848.77734375,3960.860107421875,0.8273789882659912,182.8351287841797,73.99593353271484,1.2425340414047241,1.76882004737854,25.49075698852539,0.17239999771118164,2.231473922729492
2021-12-19,46707.015625,3922.592529296875,0.8350329995155334,180.09805297851562,78.22594451904297,1.2446609735488892,1.7918109893798828,24.791400909423828,0.1695760041475296,2.222235918045044
2021-12-20,46880.27734375,3933.844482421875,0.8798279762268066,173.67178344726562,82.06681060791016,1.2382400035858154,1.6988860368728638,24.050674438476562,0.16732199490070343,2.127742052078247
2021-12-21,48936.61328125,4020.260009765625,0.9476460218429565,180.09254455566406,87.45062255859375,1.2808589935302734,1.737699031829834,25.194194793701172,0.1711750030517578,2.3759849071502686
2021-12-22,48628.51171875,3982.099609375,0.9546989798545837,178.5971221923828,85.47557830810547,1.3280409574508667,1.7719409465789795,27.216073989868164,0.17321400344371796,2.501101016998291
2021-12-23,50784.5390625,4108.015625,0.9932850003242493,190.03631591796875,93.85430145263672,1.4746910333633423,1.8333560228347778,29.111093521118164,0.18448999524116516,2.6791629791259766
2021-12-24,50822.1953125,4047.98291015625,0.9120470285415649,190.273193359375,95.97220611572266,1.3923670053482056,1.8909800052642822,28.139497756958008,0.1866219937801361,2.467272996902466
2021-12-25,50429.859375,4093.281005859375,0.9248189926147461,193.1209259033203,98.18426513671875,1.4534950256347656,1.958088994026184,28.837757110595703,0.19065700471401215,2.6368279457092285
2021-12-26,50809.515625,4067.328125,0.921180009841919,198.000732421875,99.72032165527344,1.4560450315475464,2.0173749923706055,31.332836151123047,0.19001999497413635,2.8767569065093994
2021-12-27,50640.41796875,4037.547607421875,0.9261839985847473,195.42950439453125,90.80049896240234,1.5129129886627197,2.0904839038848877,30.908672332763672,0.18770499527454376,2.725954055786133
2021-12-28,47588.85546875,3800.89306640625,0.8529599905014038,177.42562866210938,85.36834716796875,1.4022639989852905,1.922592043876648,27.907102584838867,0.17411699891090393,2.4982059001922607
2021-12-29,46444.7109375,3628.53173828125,0.8167139887809753,170.65756225585938,84.05933380126953,1.330814003944397,1.8818429708480835,26.744373321533203,0.16776500642299652,2.470005989074707
2021-12-30,47178.125,3713.85205078125,0.8396490216255188,172.75119018554688,84.71186828613281,1.360414981842041,1.8397949934005737,27.56778907775879,0.17131300270557404,2.557750940322876
2021-12-31,46306.4453125,3682.6328125,0.8311629891395569,170.299072265625,85.47254180908203,1.310209035873413,1.8533519506454468,26.719675064086914,0.17049600183963776,2.527107000350952
2022-01-01,47686.8125,3769.697021484375,0.8494719862937927,178.5179443359375,91.36058807373047,1.3769750595092773,1.8612070083618164,28.583581924438477,0.17303499579429626,2.5747909545898438
